ACC	genome_length	IOS_65_30M	MED_18_05M	MED_18_60M	MED_23_05M	MED_25_05M	MED_25_50M	MED_30_05M	MED_30_70M	PON_132_05M	PON_133_05M	PON_133_45M	PON_137_05M	PON_137_40M	PON_138_05M	PON_138_60M	PON_140_05M	PSE_100_05M	PSE_100_50M	PSE_102_05M	PSE_102_40M	PSE_109_05M	PSE_109_30M	PSE_110_05M	PSE_110_50M	PSE_111_05M	PSE_111_90M	PSE_93_05M	PSE_93_35M	PSE_94_05M	PSE_96_05M	PSE_98_05M	PSE_99_05M	PSW_112_05M	PSW_122_05M	PSW_123_05M	PSW_124_05M	PSW_125_05M	PSW_128_05M	PSW_128_40M	RED_31_05M	RED_32_05M	RED_32_80M	RED_33_05M	RED_34_05M	RED_34_60M	SOC_84_05M	SOC_85_05M	SOC_85_90M	MAL007_4005M	MAL010_4002M	MAL013_4003M	MAL017_4002M	MAL020_4001M	MAL023_4003M	MAL026_3907M	MAL032_3199M	MAL035_3662M	MAL041_4001M	MAL043_3900M	MAL050_4002M	MAL053_3500M	MAL059_4000M	MAL062_2400M	MAL065_4001M	MAL067_4004M	MAL074_3996M	MAL077_4001M	MAL081_3501M	MAL082_2150M	MAL091_4018M	MAL097_3818M	MAL103_4013M	MAL109_4004M	MAL112_4002M	MAL118_3103M	MAL121_3008M	MAL131_4003M	MAL134_4003M	MAL144_4003M	MAL146_4002M	S0444_15M	S0445_30M	S0446_50M	S0447_6.1M	S0448_21.1M	S0449_31.2M	S0450_40.8M	S0451_51.4M	S0452_60.9M	S0453_6.4M	S0454_21.3M	S0455_51.1M	S0456_61.4M	S0457_81.5M	S0458_101.9M	S0459_10M	S0460_21.1M	S0461_50.2M	S0462_59.8M	S0463_81.5M	S0464_101M	S0465_6.5M	S0466_21.4M	S0467_42.2M	S0468_52.1M	S0469_62M	S0470_101.9M	S0471_6.3M	S0472_21.6M	S0473_51.2M	S0474_66.3M	S0475_81.4M	S0476_101.9M	S0477_6M	S0478_21.4M	S0479_50.9M	S0480_61.4M	S0481_76.2M	S0482_101.9M	S0483_6M	S0484_21.2M	S0485_41.3M	S0486_60.9M	S0487_71.6M	S0488_101.1M	S0489_6.3M	S0490_21.1M	S0491_40.7M	S0492_61.5M	S0493_80.9M	S0494_100.9M	S0495_6.1M	S0496_21.4M	S0497_51.2M	S0498_71.3M	S0499_91.5M	S0500_121.1M	ANE_004_05M	ANE_004_40M	ANE_150_05M	ANE_150_40M	ANE_151_05M	ANE_151_80M	ANE_152_05M	ANW_141_05M	ANW_142_05M	ANW_145_05M	ANW_146_05M	ANW_148_05M	ANW_149_05M	ASE_66_05M	ASE_66_30M	ASE_67_05M	ASE_68_05M	ASE_68_50M	ASE_70_05M	ASW_72_05M	ASW_72_100M	ASW_76_05M	ASW_78_05M	ASW_82_05M	ASW_82_40M	ION_36_05M	ION_36_17M	ION_38_05M	ION_38_25M	ION_39_25M	ION_41_05M	ION_41_60M	ION_42_05M	ION_42_80M	ION_45_05M	ION_48_05M	IOS_52_05M	IOS_52_75M	IOS_56_05M	IOS_57_05M	IOS_58_66M	IOS_62_05M	IOS_64_05M	IOS_64_65M	IOS_65_05M	S0334_204M	S0335_1023M	S0336_5100M	S0337_17M	S0338_31M	S0339_51M	S0340_76M	S0341_102M	S0342_49M	S0343_76M	S0344_102M	S0345_15M	S0346_31M	S0347_52M	S0348_77M	S0349_102M	S0350_14M	S0351_30M	S0352_51M	S0353_74M	S0354_101M	S0355_15M	S0356_32M	S0357_51M	S0358_77M	S0359_100M	S0360_201M	S0361_1008M	S0362_5095M	S0363_15M	S0365_75M	S0366_101M	S0367_14M	S0368_31M	S0369_52M	S0370_78M	S0371_102M	S0372_16M	S0373_30M	S0374_48M	S0375_76M	S0376_102M	S0377_15M	S0378_28M	S0379_15M	S0380_33M	S0381_50M	S0382_75M	S0383_102M	S0384_16M	S0385_30M	S0386_52M	S0387_76M	S0388_101M	S0389_15M	S0390_30M	S0391_50M	S0392_73M	S0393_100M	S0394_15M	S0395_32M	S0396_49M	S0397_72M	S0398_102M	S0399_15M	S0400_32M	S0401_49M	S0402_76M	S0403_52M	S0404_77M	S0405_101M	S0406_15M	S0407_30M	S0408_52M	S0409_75M	S0410_102M	S0411_15M	S0412_30M	S0413_50M	S0414_76M	S0415_15.2M	S0416_30M	S0417_51.2M	S0418_74.1M	S0419_99.8M	S0420_15.6M	S0421_29.5M	S0422_51.1M	S0423_74.7M	S0424_99.9M	S0425_1001.5M	S0426_16M	S0427_32M	S0428_52M	S0429_75M	S0430_103M	S0431_16M	S0432_32M	S0433_51M	S0434_75M	S0435_103M	S0436_203M	S0437_1012M	S0438_4580M	S0439_17M	S0440_32M	S0441_52M	S0442_76M	S0443_101M	S0224_50M	S0225_149M	S0226_9M	S0227_50M	S0228_148M	S0229_11M	S0231_33.2M	S0232_57.7M	S0233_72.9M	S0234_151.8M	S0235_201.1M	S0236_349M	S0237_2M	S0238_51.8M	S0239_86.6M	S0240_101M	S0241_140.7M	S0242_185M	S0243_2M	S0244_31.8M	S0245_50.4M	S0246_71.9M	S0247_91.6M	S0248_136.5M	S0249_185.4M	S0250_2M	S0252_101M	S0253_14M	S0254_31M	S0255_51M	S0256_76M	S0257_100M	S0258_202M	S0259_1008M	S0260_5601M	S0261_15M	S0262_30M	S0263_15.5M	S0264_30M	S0265_50.6M	S0266_78M	S0267_101M	S0268_16.1M	S0269_29.9M	S0270_51.3M	S0271_74M	S0272_100.8M	S0273_13.8M	S0274_30.8M	S0275_51.1M	S0276_74.8M	S0277_101.7M	S0278_15.1M	S0279_30.7M	S0280_50.4M	S0281_75.4M	S0282_100.5M	S0283_14.9M	S0284_29.3M	S0285_48.9M	S0286_76.8M	S0287_100.3M	S0288_999.9M	S0289_74.5M	S0290_100.9M	S0291_14.9M	S0292_30.1M	S0293_50.4M	S0294_9M	S0295_51M	S0296_76M	S0297_151M	S0298_201M	S0299_15M	S0300_49.8M	S0301_15.5M	S0302_30.8M	S0303_51.7M	S0304_75.2M	S0305_99M	S0306_15.4M	S0307_30.9M	S0308_50.6M	S0309_75.1M	S0310_100.4M	S0311_15.6M	S0312_30.6M	S0313_50.3M	S0314_74.5M	S0315_99.7M	S0316_15.5M	S0317_28.4M	S0318_48.6M	S0319_76M	S0320_100.3M	S0321_1001.5M	S0322_15.1M	S0323_30.9M	S0324_49.8M	S0325_75.1M	S0326_100.3M	S0331_50M	S0332_75M	S0333_100M	S0109_133.7M	S0110_183.8M	S0111_233.6M	S0112_285M	S0114_30.2M	S0115_57.8M	S0116_89.2M	S0117_109.9M	S0118_135.4M	S0119_185.8M	S0120_285.9M	S0122_39.4M	S0123_65.6M	S0124_90.8M	S0125_111.1M	S0126_135.2M	S0127_184.1M	S0128_236.7M	S0129_285.3M	S0130_39.6M	S0131_64.6M	S0132_89.6M	S0133_111.1M	S0134_139.6M	S0135_160M	S0136_232.9M	S0137_284.7M	S0138_50M	S0139_74.5M	S0140_84M	S0141_123.8M	S0142_183.9M	S0143_233.1M	S0144_283.3M	S0145_389.4M	S0147_11M	S0148_77M	S0149_119M	S0150_152M	S0151_202M	S0152_12M	S0153_75M	S0154_100M	S0155_127M	S0156_200M	S0157_9M	S0158_50M	S0159_75M	S0160_101M	S0161_152M	S0162_201M	S0163_10M	S0164_75M	S0165_100M	S0166_150M	S0167_202M	S0168_8M	S0169_76M	S0170_87M	S0171_150M	S0172_200M	S0177_49M	S0178_151M	S0179_10M	S0180_149M	S0181_11M	S0182_50M	S0183_150M	S0184_10M	S0185_50M	S0186_151M	S0187_9M	S0188_49M	S0189_150M	S0190_49M	S0191_10M	S0192_49M	S0193_149M	S0195_143M	S0196_10M	S0197_50M	S0198_135M	S0199_10M	S0200_50M	S0201_149M	S0202_10M	S0203_65M	S0204_149M	S0205_9M	S0206_61M	S0207_150M	S0209_10M	S0210_49M	S0211_11M	S0212_51M	S0213_150M	S0214_10M	S0215_51M	S0216_151M	S0217_10M	S0218_51M	S0219_149M	S0220_10M	S0221_50M	S0222_150M	S0223_10M	S0001_10M	S0002_50M	S0003_75M	S0004_101M	S0005_152M	S0006_199M	S0008_10M	S0009_49M	S0010_73M	S0011_100M	S0012_153M	S0013_198M	S0015_8M	S0016_50M	S0017_74M	S0018_102M	S0019_151M	S0020_199M	S0021_10M	S0022_52M	S0023_75M	S0024_103M	S0025_151M	S0026_201M	S0027_10M	S0028_50M	S0029_77M	S0030_103M	S0031_152M	S0032_199M	S0033_9M	S0034_75M	S0035_99M	S0036_150M	S0037_200M	S0039_9M	S0040_72M	S0041_100M	S0042_151M	S0043_201M	S0044_8M	S0045_76M	S0046_101M	S0047_150M	S0048_201M	S0049_31.3M	S0050_68M	S0051_111.1M	S0052_135.8M	S0053_186.3M	S0054_237.3M	S0055_291.5M	S0057_38.9M	S0058_65.2M	S0059_75.1M	S0060_113.9M	S0061_184M	S0062_233M	S0063_283.9M	S0064_28.4M	S0065_61.2M	S0066_86.4M	S0067_108.8M	S0068_135.6M	S0069_186.5M	S0070_234.7M	S0071_288.8M	S0072_39.9M	S0073_74.3M	S0074_99.7M	S0075_134.2M	S0076_183.8M	S0077_234.1M	S0078_300.8M	S0079_374.3M	S0080_499.6M	S0081_1055.2M	S0082_41.8M	S0083_75.7M	S0084_89.1M	S0085_109.7M	S0086_182.4M	S0087_233.3M	S0088_281.4M	S0089_414.2M	S0090_39.7M	S0091_60.7M	S0092_89.9M	S0093_110.7M	S0094_135.6M	S0095_185.7M	S0096_234.8M	S0097_284.8M	S0098_48.1M	S0099_71.6M	S0100_89.3M	S0101_135M	S0102_183.7M	S0103_234.5M	S0104_285.9M	S0105_40.1M	S0106_69.4M	S0107_99M	S0108_113.8M
AG-359-J14	1319993	1848	4008	4350	12768	48175	2024	32297	6264	3067	2919	1467	1772	1102	1609	1039	6071	2256	2509	1881	1497	2068	1869	1857	2213	1817	1422	2106	6737	3301	5753	2310	2780	2372	1678	1007	1888	1681	1155	1537	3660	1854	1374	1217	1073	906	3060	3162	3011	262	82	366	196	147	178	240	212	144	88	80	247	207	80	162	75	32	58	43	61	40	112	142	66	34	34	33	98	15	102	339	161	23	43	26	74	77	28	21	52	41	96	31	55	55	67	70	62	54	49	43	1	12	7	5	1	3	5	28	7	74	42	177	334	67	21	46	27	43	69	77	57	72	71	91	85	90	45	50	66	108	60	40	11	2	3	1	31	5	10953	3140	1229	1852	1574	1152	1214	7713	1087	1330	1069	1491	1100	781	455	549	733	660	543	1518	1226	3377	2076	1316	2377	1389	1977	865	926	2050	13956	1004	6917	756	2486	2897	2189	1457	1552	1596	1678	1589	1514	1882	720	13	55	71	99	49	60	93	103	84	124	88	103	88	128	83	84	54	75	64	74	52	135	76	98	90	115	35	45	38	59	121	27	90	86	54	62	22	68	130	117	122	90	78	59	138	84	102	103	71	98	85	137	71	41	109	84	62	96	78	38	71	52	62	69	24	16	39	83	59	21	63	74	60	39	56	53	65	16	66	44	57	81	35	46	19	35	44	48	34	22	24	28	45	84	51	79	66	124	40	47	69	16	16	31	55	30	48	58	35	47	43	145	69	22	99	1530	814	49	28	33	34	51	646	55	939	227	582	546	525	383	35	86	30	44	136	27	112	104	102	118	125	29	17	30	111	102	77	89	66	68	101	95	138	96	98	83	69	58	60	7	94	24	52	34	78	75	44	40	48	48	4	2	72	24	84	98	72	499	75	45	81	46	119	73	94	116	76	94	93	66	66	56	25	1	66	66	49	60	13	81	120	180	111	41	83	38	47	46	20	21	153	74	108	29	33	54	76	116	51	22	109	27	43	49	164	122	83	214	37	22	21	21	77	58	55	89	29	35	40	46	106	81	15	13	35	25	38	46	6875	878	18	78	20	817	469	848	23	27	30	31	208	3	40	1	6726	59	27	22	24	8714	193	145	17	27	158	22	381	30	220	60	15	183	38	24	309	95	17	252	207	124	12	11	165	137	14	89	109	9	415	17	48	151	28	19	40	0	53	79	67	67	43	38	39	39	21	50	24	40	616	45	95	102	42	53	39	48	65	93	63	42	37	95	81	38	36	33	9	24	34	37	32	40	121	94	37	46	31	101	76	15	13	19	16	41	18	22	206	7	25	130	23	19	125	33	211	82	29	15	29	43	32	207	152	263	26	31	21	37	86	136	32	14	49	44	35	52	177	37	35	44	65	66	67	62	60	27	448	550	109	4	17	14	23	11	2107	1432	52	16	14	51	40	40	72	21	24	54	22	38	43	3981	23	165	19
AG-896-J04	1622917	1094	9878	10818	227906	690456	7622	370909	30778	1588	2812	845	895	1265	889	669	1556	1320	1337	1028	825	1105	977	943	1286	914	792	1825	6177	2136	2135	928	1272	912	826	681	1195	1027	637	975	1565	762	1092	583	434	830	4279	5177	4660	95	39	177	102	103	86	223	62	51	49	45	100	73	41	105	44	24	26	29	29	29	54	64	26	17	13	30	71	8	66	126	77	17	27	20	60	32	20	11	28	38	47	17	36	36	64	57	38	18	16	25	1	3	1	2	2	1	2	11	2	29	27	96	155	25	13	13	17	13	19	48	54	48	38	65	49	67	24	34	34	63	51	29	5	10	3	3	13	1	3501	1657	559	940	687	755	683	1394	626	931	678	986	618	540	285	860	460	370	300	1699	766	1660	1259	1297	2093	620	990	433	508	559	1303	715	1080	522	1205	1359	1190	902	671	731	750	528	886	1238	555	21	21	28	42	11	26	60	59	37	53	37	43	54	27	47	56	33	46	25	41	40	73	69	59	39	36	15	27	25	23	44	22	55	39	25	20	12	40	55	37	48	57	50	30	54	49	32	52	65	48	36	44	40	17	68	41	25	61	26	17	40	22	29	43	9	8	12	32	20	20	37	26	34	8	20	30	27	5	40	13	51	47	22	16	19	31	17	30	20	8	16	20	20	25	33	40	40	71	34	36	36	10	13	17	13	10	18	21	22	26	21	32	28	18	25	67	44	18	17	24	26	19	44	34	349	154	504	311	71	46	18	43	30	18	46	11	62	43	59	24	80	25	2	18	62	62	32	38	45	31	46	44	53	40	44	26	35	20	31	4	37	24	21	25	21	37	14	30	27	31	4	1	53	32	35	37	15	306	23	36	108	66	44	47	51	42	36	48	26	44	66	31	18	0	25	33	27	23	7	33	45	90	83	22	136	17	40	12	16	13	99	39	48	21	27	31	31	28	32	22	40	32	33	27	61	52	54	92	33	20	11	18	25	29	34	75	20	34	28	31	27	22	11	17	21	17	28	21	9572	832	19	40	4	513	519	733	16	10	15	11	209	3	30	7	12831	33	16	18	23	9966	125	93	12	18	54	12	187	29	90	20	13	108	7	27	145	58	28	121	58	59	13	14	54	35	11	34	40	9	36	8	28	18	12	22	18	2	45	80	44	31	32	34	13	24	14	20	6	36	79	9	46	64	27	37	28	19	26	32	44	49	47	45	51	23	26	21	7	21	27	39	14	49	140	35	20	45	33	71	52	4	11	5	13	25	13	16	49	16	32	25	15	24	21	11	104	48	24	8	27	18	16	113	82	144	27	24	20	17	24	48	19	10	27	14	24	31	61	31	16	21	36	24	30	23	16	21	121	157	65	6	3	4	8	5	1159	871	29	11	10	12	22	15	7	13	7	27	18	34	34	6112	35	151	26
AG-898-O07	1067362	720	741	756	884	2896	1010	2903	803	4531	1124	566	507	800	571	663	1856	1005	1795	669	694	738	697	769	1265	641	526	1577	5059	1520	5601	1893	2992	2029	600	485	713	598	362	875	9612	3677	2181	481	400	655	3118	3555	3102	362	124	722	519	409	332	366	169	134	84	133	391	211	135	283	143	74	55	65	89	71	184	192	78	37	44	86	206	31	229	353	233	53	93	54	49	44	30	19	26	17	47	8	46	27	44	70	46	26	19	20	2	4	4	4	4	4	0	6	6	28	35	115	151	29	7	14	13	8	20	32	37	44	41	52	47	61	29	48	48	55	41	14	1	2	2	1	22	5	1488	961	479	1345	541	493	454	6144	611	590	415	670	447	379	243	306	480	433	311	1225	751	6562	1659	1029	1472	342	613	306	487	671	8149	564	3364	348	1668	1747	1050	612	685	793	913	648	738	1026	397	13	37	59	89	100	80	132	165	119	123	109	136	151	122	131	100	64	130	87	101	54	141	114	121	176	102	23	38	63	44	166	24	123	142	57	91	16	102	165	118	195	117	98	108	144	116	118	112	104	134	86	173	78	51	109	138	71	138	108	51	104	56	76	104	40	42	66	115	64	41	78	69	116	41	71	62	96	55	117	66	57	136	56	50	20	101	88	51	47	5	18	85	68	148	74	62	107	175	64	53	102	15	22	25	85	61	66	91	77	29	40	65	20	24	64	496	232	28	23	27	40	29	291	35	745	336	1069	734	400	276	19	82	32	27	151	12	182	123	146	108	180	23	17	19	119	92	146	175	119	141	147	204	212	157	204	87	139	77	100	1	182	52	75	89	69	115	41	36	32	44	3	3	115	18	86	108	56	78	30	45	120	68	131	139	152	168	134	111	149	83	99	77	12	1	111	119	80	110	16	115	172	290	204	12	89	56	106	40	26	14	184	65	117	11	37	58	59	49	41	23	104	38	39	43	199	95	121	151	19	21	18	17	80	34	54	80	15	42	41	50	150	127	6	6	25	33	36	21	565	198	11	16	26	877	122	83	7	30	21	17	167	2	32	5	263	22	13	7	18	695	61	53	13	19	106	33	852	23	585	83	10	489	33	12	632	139	12	629	392	164	15	6	283	231	6	169	151	6	324	6	31	198	13	29	38	0	27	49	55	21	28	20	7	32	27	12	9	25	136	19	82	90	54	66	49	28	50	62	60	45	56	75	65	21	17	27	20	18	18	37	23	99	238	15	17	30	30	108	78	6	18	10	7	27	12	12	178	12	9	57	40	16	221	60	264	120	18	7	17	17	14	451	317	523	13	26	21	23	148	105	34	8	50	17	40	51	307	20	8	24	22	45	44	27	45	23	354	436	63	3	3	3	9	7	222	169	10	6	5	16	15	21	70	13	7	56	35	25	31	347	18	66	16
AG-900-B21	1259049	2285	2211	2152	2277	6832	1765	12365	2085	17211	2927	1432	1856	1121	1600	1040	3855	2396	2462	1875	1577	2309	1937	1903	2329	1814	1412	2055	6788	3338	15718	5824	8116	5667	1572	1022	2084	1694	1192	1688	21622	11839	3117	1666	1212	889	3547	3742	3469	285	66	435	202	177	173	264	228	142	85	89	275	233	108	957	87	37	79	40	63	36	128	167	59	25	34	50	131	18	142	378	190	210	230	146	80	67	36	33	43	39	79	31	63	40	69	88	77	52	55	52	2	5	6	6	5	5	9	29	12	75	37	194	330	92	28	42	34	49	53	81	82	73	59	127	89	69	54	62	66	108	71	32	9	12	2	5	75	3	5005	2483	1406	2157	1870	1192	1182	14944	1507	1233	1094	1990	1107	773	423	526	705	658	607	2252	1210	21324	5540	1481	2592	1411	2173	889	991	1921	61258	982	22333	765	8739	5473	2211	1495	4514	3731	5724	2707	2346	3141	1005	14	34	82	297	273	248	373	488	246	313	296	334	321	305	296	309	232	363	196	235	155	370	249	174	410	258	19	44	31	165	420	33	365	385	161	272	34	298	381	392	516	394	333	285	390	294	299	301	289	337	279	488	219	159	350	385	190	404	282	154	243	192	179	226	117	77	142	215	105	118	227	173	216	85	206	198	208	112	308	154	241	459	288	308	21	260	196	239	171	33	28	217	190	348	203	267	314	468	160	243	309	24	35	31	282	157	157	209	203	101	62	178	40	23	374	2405	1165	64	51	32	26	42	2401	52	1002	305	756	546	3754	2587	53	87	76	39	176	39	470	391	354	306	512	37	18	21	364	287	623	605	510	502	637	773	1002	823	887	495	712	549	560	6	726	240	407	385	336	501	110	162	117	131	8	1	446	129	536	586	321	294	61	62	74	68	469	516	642	851	690	624	779	361	403	302	48	11	422	432	372	382	24	316	421	732	502	56	76	175	358	149	88	20	468	257	374	29	34	58	70	196	102	28	86	39	37	56	491	357	330	477	39	15	28	29	211	140	190	259	26	41	41	51	1544	1219	83	10	33	28	38	38	2169	695	24	48	23	3032	584	451	18	28	44	39	254	7	41	5	718	37	27	29	19	2691	180	245	17	19	508	35	4410	40	2769	359	23	2132	99	35	3175	576	27	2581	1664	762	13	11	1410	1144	13	603	429	14	1847	22	60	1096	32	24	44	3	60	106	68	53	41	42	38	53	24	30	20	39	427	42	101	87	51	82	40	41	61	73	81	74	47	91	88	61	44	35	13	37	41	46	46	57	156	81	33	87	48	83	78	13	11	22	15	86	19	12	436	24	32	162	20	13	1480	265	796	356	34	18	24	29	31	2367	1753	2558	37	37	31	30	386	340	67	9	49	40	34	59	2268	72	46	27	43	54	38	57	55	42	1600	2045	255	18	18	15	8	13	999	767	45	23	14	22	43	42	692	50	17	47	32	37	66	831	41	173	22
AG-905-C17	1505956	2553	2205	2105	2076	6321	1846	37542	2001	25509	3244	1520	1772	1243	1684	1018	3015	2317	2651	1871	1539	2131	1941	1788	2255	1819	1394	2088	7061	3290	46229	14382	22904	15665	1546	1086	2022	1709	1221	1681	8792	4229	2129	1239	1045	917	4379	4504	4446	259	72	372	201	194	207	301	234	150	76	89	290	219	67	1389	82	51	68	35	84	63	122	154	54	41	52	56	130	20	163	528	181	320	463	337	74	57	46	23	67	54	91	27	64	42	68	92	107	54	45	50	9	12	12	7	8	5	3	25	7	75	53	258	391	67	27	51	25	37	53	69	71	66	50	112	82	80	59	72	58	131	91	30	18	13	3	12	80	11	4252	2400	1938	2874	2861	1380	1260	22550	2435	1231	1138	5778	1233	778	432	601	775	654	666	3784	1267	86028	14570	1738	2793	1314	1940	827	891	1465	55984	1051	22237	828	16577	35068	2070	1632	1986	1982	1932	1511	3672	4866	1077	21	50	75	733	665	704	791	938	815	835	706	921	1028	804	843	679	574	829	616	669	387	751	567	720	717	549	21	49	65	463	929	48	961	815	501	678	41	790	1003	969	1305	969	771	676	959	673	855	834	810	799	708	1063	514	420	1041	919	523	1125	780	341	652	512	378	560	314	249	414	665	344	262	588	496	640	278	500	541	617	303	906	349	427	777	572	574	24	655	666	521	428	59	18	483	516	849	555	575	899	1277	580	694	760	17	62	55	741	520	510	667	512	167	68	537	44	29	953	3409	1660	158	131	34	29	44	957	61	887	226	798	603	1306	914	80	73	68	40	143	26	1210	997	1021	772	1377	50	27	34	914	664	1064	1049	831	896	833	1173	1624	1317	1492	796	1137	810	792	11	1058	354	622	491	486	771	230	294	226	206	19	4	521	214	902	1112	601	877	59	55	80	38	524	718	1001	1142	1005	932	1048	437	610	472	81	11	868	1049	742	824	36	821	1081	1895	1340	54	63	466	818	275	209	30	1220	556	754	29	43	54	67	126	104	26	92	28	62	44	1253	785	837	1488	126	19	22	27	375	350	401	503	39	28	43	49	794	745	44	31	37	37	34	41	14679	6478	78	182	20	16516	3917	3509	32	35	33	28	283	8	35	6	6810	36	22	28	28	15339	1653	1772	21	20	1454	24	12089	44	6505	828	29	5428	244	32	6257	1513	16	4315	1934	1307	15	13	4534	2448	12	4496	3079	6	2522	22	40	2281	89	26	68	5	63	116	82	65	37	52	42	51	12	32	28	39	1293	56	112	144	57	73	37	26	75	74	67	71	54	86	97	56	45	36	8	31	36	34	40	73	117	102	43	63	44	63	85	3	19	19	24	248	19	23	329	16	55	141	26	20	1074	266	1891	856	54	28	39	27	32	4981	3423	5421	44	25	31	22	742	1023	192	16	42	33	34	69	2910	146	55	64	38	40	76	62	35	32	4035	5159	633	7	16	12	19	20	3073	2294	104	27	21	35	40	38	197	29	18	66	36	40	38	3497	42	423	30
AG-915-K04	1290806	881	1067	1133	1781	7103	973	10458	1189	2852	1307	557	674	711	704	714	6357	1100	1829	772	878	755	952	893	1077	728	659	1479	4662	1721	3961	1458	2004	1508	662	572	802	684	465	902	4469	1999	1110	568	456	666	2499	2231	2554	172	101	454	220	190	161	247	95	72	36	61	198	184	61	152	60	28	42	23	27	31	74	105	24	25	23	38	73	19	119	230	148	55	38	30	32	26	11	9	13	18	29	16	28	16	14	21	16	20	17	17	1	2	2	0	5	1	0	5	1	19	16	74	95	27	6	19	9	8	15	45	35	25	25	37	26	21	17	14	20	42	40	15	4	9	7	1	27	1	2336	1083	499	875	568	502	455	23037	951	481	466	898	429	328	175	312	405	434	322	904	800	4314	1672	854	1514	429	773	540	618	2048	23202	683	10049	419	1964	1831	830	687	1616	1670	2044	1524	692	1110	379	6	4	19	60	43	59	79	101	63	79	43	71	82	83	85	60	32	93	62	56	44	82	85	43	94	52	9	24	54	41	75	8	78	74	46	42	9	76	95	77	90	82	56	50	92	70	75	68	79	75	55	85	39	39	72	71	34	57	52	39	47	45	36	70	23	33	37	61	37	20	45	44	49	33	43	45	62	20	72	15	40	76	42	35	9	47	35	40	26	16	7	45	49	67	37	60	55	94	60	33	48	9	9	16	50	41	23	45	72	42	13	107	16	7	50	2654	1412	21	15	7	12	14	1193	29	594	160	348	348	1073	721	18	67	27	15	116	8	85	85	71	57	110	10	3	17	74	49	136	126	128	92	101	88	167	118	169	89	123	86	74	1	86	50	74	57	43	91	22	28	13	34	3	1	147	30	91	99	51	53	25	19	35	39	123	135	162	141	154	151	151	87	123	70	16	1	57	59	57	66	8	63	115	151	105	23	145	35	56	25	30	8	107	58	70	15	9	34	21	157	72	10	35	6	15	20	426	369	331	427	27	6	6	3	184	167	206	218	6	15	12	25	211	165	17	2	7	5	16	11	1153	187	6	18	6	1141	139	91	5	7	15	7	60	1	17	2	506	13	8	5	12	1312	67	77	2	7	107	16	592	11	343	86	5	301	23	3	431	98	5	362	247	103	7	1	219	142	0	159	100	0	796	14	10	263	13	5	18	0	31	29	33	36	9	21	7	19	10	18	6	14	784	5	39	41	16	21	13	16	15	26	21	21	20	36	18	15	9	31	3	15	12	12	13	29	66	21	9	24	12	24	37	5	2	2	4	21	8	3	760	4	9	379	5	5	530	78	713	320	4	5	8	6	9	300	203	393	7	9	8	2	361	310	78	5	15	6	6	22	328	18	15	11	12	16	12	7	5	18	1072	1093	135	1	3	0	5	4	229	181	6	3	11	5	8	9	99	10	3	16	11	17	11	533	13	36	8
AG-918-E15	1671916	705	3269	3741	16781	73378	977	46668	6865	2298	1105	495	611	583	530	434	5389	885	1115	653	545	765	651	708	938	652	480	1236	3830	1266	3841	1292	1855	1390	573	426	689	530	368	692	2712	1315	719	519	477	418	1799	1751	1807	70	24	158	66	78	67	85	46	57	24	28	81	99	27	112	27	17	20	14	19	23	53	46	12	12	3	14	51	5	62	144	77	21	42	39	36	27	16	6	8	18	24	14	19	19	18	26	14	15	14	15	0	4	0	2	1	0	1	4	2	15	13	65	88	19	6	10	9	9	11	16	16	27	24	32	31	36	22	20	31	45	19	19	5	9	3	5	26	2	6444	1542	433	874	490	444	444	8742	472	432	391	1071	378	337	186	242	311	270	271	900	542	3647	1603	705	973	467	734	390	388	1745	15756	490	7032	298	1534	1707	822	624	775	892	1058	1159	644	951	339	9	13	28	63	81	50	71	100	45	76	37	70	98	69	51	59	54	53	58	66	39	83	43	19	95	59	7	15	48	23	62	9	77	65	36	39	9	41	93	74	100	52	61	51	81	69	76	78	48	50	53	83	42	29	49	56	42	66	55	44	36	32	31	66	25	19	21	57	25	19	40	32	41	32	41	64	63	24	49	32	22	64	46	42	6	57	66	29	21	7	7	33	38	61	51	46	56	90	47	35	74	8	13	10	36	46	29	50	39	40	12	116	18	5	36	1615	858	23	15	13	14	14	656	19	302	134	384	259	638	374	25	28	21	6	25	12	100	65	90	55	108	13	6	23	78	58	80	57	78	62	79	55	101	87	108	54	64	54	50	3	82	33	27	58	32	57	26	29	32	27	2	0	52	15	53	51	50	264	15	25	31	45	69	68	67	86	58	85	84	43	49	40	8	3	47	46	32	44	5	46	72	124	69	18	19	41	63	16	22	9	104	71	69	11	12	15	16	87	60	9	30	17	18	21	136	66	98	139	8	4	5	6	32	58	46	86	3	10	15	10	107	67	4	2	8	6	12	13	17626	983	14	33	5	2766	684	907	10	9	15	8	78	4	13	0	7627	7	4	4	7	22454	282	185	0	8	97	9	404	11	259	48	5	253	20	5	311	63	5	297	145	65	5	7	149	112	5	135	104	3	387	10	19	138	6	8	16	1	25	44	37	18	10	19	10	18	12	4	9	19	775	16	46	54	35	33	27	18	28	41	31	27	23	46	29	15	10	9	9	11	9	8	11	25	58	23	9	19	18	31	42	3	6	6	5	27	2	6	201	2	11	147	4	4	112	20	168	76	6	6	2	4	2	239	126	267	6	10	9	9	122	121	14	3	12	5	9	26	175	10	7	8	9	20	8	9	10	7	378	457	77	1	1	1	4	0	2140	1483	18	9	4	11	9	9	44	18	3	25	12	14	8	9111	11	145	6
GCA_002480175	2207349	5880	30684	38995	14739	26088	23135	19788	45458	33808	13309	1889	22970	36	29865	524	3323	18327	7931	5511	2541	37169	21568	12091	9596	27316	9965	1102	984	14718	23775	19940	47690	47212	22001	4259	17814	2860	10386	10035	43039	21925	9901	5019	3322	143	2	4	9	22	0	6	11	4	24	18	0	1	4	17	3	9	12	1047	9	6	1	0	74	2	1	11	0	15	16	2	6	2	4	100	31	1556	1596	1428	154	76	61	25	68	54	137	63	98	94	132	197	231	131	166	156	11	21	15	19	34	14	32	56	21	169	142	665	1132	184	30	96	121	107	160	303	151	148	235	234	236	196	73	52	76	496	364	200	258	252	125	166	1716	117	66160	15174	7720	8897	9551	4056	916	8640	2193	360	518	6260	1990	543	335	48	955	760	7437	31677	6429	43187	245661	70	155	1128	2319	2965	1799	8766	14528	1224	18190	1480	17931	36287	45475	16589	26412	14258	24298	19166	9779	11593	2779	4	4	31	2262	3671	2709	2240	2872	1606	1831	1626	1937	4086	2008	1837	1517	1575	2569	2122	1866	1475	2073	1633	1866	2645	1559	5	0	15	898	2326	361	1706	1761	905	1333	416	1716	2386	2106	2730	2518	1924	1767	3083	2261	2441	2342	2298	2259	1980	3183	1484	1467	2285	2006	1153	2405	1505	787	1372	1053	940	1191	1087	1252	1167	1896	908	605	1243	1390	1480	1311	1378	1309	1742	1662	2883	1515	2416	4900	3916	3226	137	3010	3103	1891	1568	277	4	1447	1330	1832	1217	1626	1708	2282	1231	1598	1473	14	142	39	1811	1199	1339	1934	1465	2015	0	7571	3677	10	2290	3368	1809	1687	1242	4	2	6	946	155	2	2	0	0	2574	1905	2642	116	35	3	5	400	2770	2167	2227	1731	2998	16	6	93	1898	1619	2371	2310	1852	1804	2061	2454	3351	2865	3153	1733	2034	1561	1444	19	2246	989	1793	1535	1497	2299	1907	2461	2415	2442	147	1	1700	627	3391	4268	3025	2877	801	292	450	16	1641	1866	2572	3032	2731	2365	2786	1421	1576	1292	439	138	2203	2462	1834	2136	198	1681	2046	3826	2645	822	0	1348	4083	1464	1444	222	4215	1971	2494	50	9	2	0	352	207	2	6	4	3	2	829	631	671	1646	107	6	0	0	257	281	251	413	10	9	2	0	2063	1864	357	1	5	0	3	2	1695	7054	458	1188	10	2346	2422	2849	10	0	9	25	73	8	3	9	871	179	67	20	29	850	1493	1525	2	4	4301	3	1525	13	1918	2807	18	3064	2469	4	3386	3720	14	1970	1556	1917	46	14	1444	1647	103	1503	2670	6	1260	114	4	1072	230	5	0	2	56	6	0	393	77	21	179	33	3	107	9	2	4081	10	24	38	8	7	10	7	15	28	32	10	7	799	1227	413	103	123	27	158	167	184	148	18	15	408	354	565	96	72	47	41	3	0	52	239	4	1	422	22	483	80	2	2	1763	1158	1781	788	229	11	0	0	0	3453	2474	3818	387	8	4	2	700	1022	155	2	8	9	2	2	2732	2108	214	2	0	2	0	2	0	2	3389	4549	2272	28	6	1	1	0	1118	909	1198	232	4	11	0	2	987	78	3	2	0	0	2	1524	654	3694	113
HIMB30	2168870	3521	2611	2968	2514	9187	2684	11668	2313	3533	3347	2206	2055	4255	3007	6358	11030	8927	33913	2232	8695	3505	10206	7120	7505	2333	2351	5093	17006	8031	5536	2120	2916	3103	2089	1676	2796	5744	1878	13895	4669	2053	3423	4064	2109	10504	4598	3984	3798	1214	417	4618	2017	2209	1797	2517	2782	2055	1118	850	2306	2899	1174	419	1437	682	1568	473	544	740	1482	2185	874	393	466	821	2736	286	1819	3723	2287	16	34	18	88	77	31	22	43	38	84	38	80	47	77	81	75	61	45	49	3	5	3	4	0	6	3	22	7	56	33	190	341	65	21	41	27	37	47	80	79	63	59	105	114	64	43	53	72	103	77	50	7	7	2	7	47	3	4644	3275	1501	3712	1923	2449	1297	26575	2511	1521	2281	2243	1677	820	496	751	3262	5276	3181	9427	9808	5365	4107	2040	10743	2253	2692	2203	2963	3055	21392	4508	9121	2872	3675	4479	3284	4087	1935	2394	7522	8638	1919	8621	861	14	135	138	77	25	32	58	155	60	78	98	62	38	73	89	80	52	78	31	62	57	81	87	103	93	52	53	92	169	52	100	22	71	75	49	73	23	94	91	84	123	86	79	75	90	92	74	77	80	81	72	95	50	39	95	66	31	85	45	33	64	42	46	75	14	6	23	43	30	34	56	48	38	18	39	44	58	15	56	22	54	88	32	28	51	22	14	63	27	19	29	24	32	73	37	76	62	82	33	26	47	32	32	275	20	16	23	6	32	67	46	157	42	27	71	1636	887	67	30	28	52	66	793	65	12020	2752	16464	10071	545	390	42	471	104	116	684	25	109	75	95	63	95	93	34	32	81	80	78	84	65	63	66	95	171	82	98	46	54	44	87	11	95	35	54	41	27	82	59	48	55	61	24	6	71	35	75	73	32	149	56	51	98	57	120	113	69	135	90	65	101	66	74	57	21	1	43	57	45	47	15	97	86	132	113	59	253	49	58	36	36	18	101	54	77	132	78	377	291	135	87	32	94	33	35	60	104	77	83	80	25	27	26	64	72	50	56	92	52	31	48	163	113	81	28	10	89	88	72	88	819	69	22	63	35	189	130	154	28	35	46	29	166	3	49	3	423	62	26	47	38	1231	81	50	28	52	145	43	265	36	166	43	11	132	32	20	199	65	22	183	103	70	20	9	102	73	13	86	85	6	419	27	60	128	19	17	50	8	71	66	86	65	44	61	43	40	21	29	24	26	687	39	94	104	34	53	43	26	63	56	65	58	40	86	108	61	42	46	11	47	36	44	37	63	132	73	35	68	46	78	96	8	22	27	19	34	22	29	183	15	39	113	40	27	133	32	134	63	48	23	32	97	54	126	92	151	44	52	62	76	83	68	16	17	42	49	54	154	124	73	370	80	285	185	320	197	147	209	163	192	65	9	22	11	34	32	204	141	137	23	59	102	74	156	63	31	9	332	89	72	79	504	70	66	21
LSUCC0096	1935310	2500	2528	2693	2235	5783	2446	4178	2138	2100	4311	2188	2526	1497	1931	1391	2901	4064	3720	2989	2462	3350	2877	2857	3689	2974	2459	3993	12986	4297	3102	1581	2185	1980	2633	1631	3280	2621	2048	2711	2557	1589	1636	1560	1131	1238	5900	7534	6627	241	122	535	285	210	244	270	281	186	126	84	285	281	125	107	115	67	98	58	77	56	185	220	63	29	29	77	131	17	163	350	198	64	56	28	205	184	93	72	114	157	199	71	170	123	217	228	206	158	166	154	23	24	18	13	32	15	20	71	26	210	156	634	1157	208	71	153	118	110	136	289	215	210	217	287	265	280	169	194	191	435	284	183	56	37	31	36	304	46	3144	3573	1782	2763	1803	1713	2187	5187	1610	2198	1717	1902	1794	1399	752	1034	1124	1034	809	2415	1771	1588	2079	2667	4373	1259	2253	1001	1367	1338	1893	1473	1999	1180	2207	2607	2975	2509	1493	1813	1532	1306	2159	2580	1238	53	57	86	108	28	59	102	142	103	86	85	76	45	112	96	78	82	95	38	77	128	144	117	112	193	98	60	46	23	100	87	65	72	81	63	82	38	75	125	103	121	101	87	78	130	124	87	101	81	95	72	135	73	77	108	98	69	144	87	36	87	45	90	114	12	8	49	81	58	55	64	61	63	41	46	55	116	10	104	62	63	157	104	80	43	96	81	64	44	51	16	49	48	71	63	68	99	115	64	55	66	47	13	54	59	36	63	20	69	115	138	142	81	38	93	226	93	69	99	53	63	84	119	160	1694	487	1189	1052	188	125	103	199	74	76	212	61	164	116	93	100	179	69	24	17	124	92	93	78	86	68	70	86	102	93	115	57	64	55	57	18	85	43	89	64	82	102	60	108	104	106	31	1	81	58	123	99	96	362	121	144	195	56	133	130	63	112	70	66	85	68	116	78	56	0	60	69	54	43	30	71	73	162	128	96	39	62	64	64	60	39	197	96	100	67	78	78	106	101	132	50	169	63	72	76	169	106	92	83	52	42	36	52	93	82	89	119	71	60	72	98	61	68	57	44	44	53	44	57	67	29	51	130	40	20	107	84	32	45	115	85	792	22	125	15	55	126	71	41	67	171	50	55	22	32	142	56	122	41	92	61	28	80	56	46	109	99	59	128	107	116	41	22	76	99	28	103	145	20	101	62	76	61	82	38	115	6	138	203	124	109	78	87	86	158	62	110	49	65	126	126	280	312	139	146	83	143	221	215	185	165	143	252	319	144	133	118	33	139	136	189	182	155	284	273	122	223	136	230	182	30	38	30	39	55	38	31	210	50	53	30	43	32	98	51	165	59	74	45	45	47	46	128	117	135	85	51	49	37	37	49	21	39	72	43	54	59	133	96	81	76	80	90	75	90	48	40	121	137	86	27	38	17	39	12	113	73	71	46	34	76	61	61	56	41	22	88	61	72	85	199	62	97	44
TOBG_MED-626	1193441	34	9552	10896	267039	769685	8562	283070	31473	26	1644	134	13	2	15	10	64	56	23	143	28	57	53	147	6	7	105	31	51	47	278	107	94	41	26	13	15	13	9	22	27	19	8	20	14	24	68	26	74	0	0	0	0	0	0	0	0	0	0	1	0	0	0	2	0	0	1	0	0	1	0	0	0	0	0	0	0	0	0	2	2	0	0	0	0	0	0	0	0	2	9	0	3	3	4	0	0	0	0	0	0	0	0	0	0	0	0	0	0	0	0	0	0	0	0	0	0	0	0	0	0	0	1	2	0	0	0	0	0	0	0	1	0	0	0	0	0	1	2207	264	18	36	29	28	22	107	23	147	24	48	43	112	163	672	185	475	41	32	35	44	61	77	71	86	51	24	26	53	76	13	68	12	26	19	68	16	4	12	15	9	22	222	29	0	0	0	6	4	2	7	9	1	4	4	7	10	3	9	4	1	1	7	2	6	5	11	8	9	13	0	0	0	9	0	0	6	5	2	1	0	5	9	2	3	2	1	3	4	2	4	3	1	6	3	7	2	1	3	2	3	0	15	5	8	3	7	15	0	4	1	2	4	5	2	1	6	6	7	1	7	3	7	2	0	0	0	0	0	2	2	0	0	0	0	4	0	1	2	2	4	2	3	4	3	0	0	0	5	2	2	3	2	10	0	2	4	0	0	2	10	0	0	0	0	0	6	0	0	0	0	0	0	0	0	0	0	0	0	2	15	3	7	5	6	0	0	0	6	2	0	0	0	0	0	0	1	0	1	0	0	0	0	0	0	0	0	0	0	0	0	1	2	1	0	0	0	0	0	2	0	78	0	3	0	0	0	1	0	0	1	0	1	0	0	0	0	0	0	0	0	2	0	8	7	16	7	0	0	0	0	2	2	1	10	6	4	0	0	0	0	2	2	0	0	0	0	0	0	1	4	4	0	0	0	0	2	0	0	0	0	0	0	0	0	0	0	0	0	0	0	0	882	91	0	4	0	38	98	150	0	0	0	1	0	0	0	0	1370	0	0	0	0	1998	27	11	0	0	0	0	0	0	0	0	0	2	0	0	1	2	0	0	0	2	0	0	0	0	0	2	0	0	1	0	0	0	0	0	0	0	3	1	0	4	0	2	13	1	0	3	1	0	55	0	0	2	0	0	0	0	0	0	2	0	0	1	6	1	0	1	0	1	0	0	0	0	0	0	1	0	0	0	0	0	0	0	0	0	0	0	4	0	0	0	0	0	0	0	6	0	0	0	0	0	0	0	0	8	0	0	0	0	0	5	0	0	0	0	0	0	0	0	0	0	0	0	0	0	0	0	18	19	4	0	0	0	0	0	276	151	0	0	0	0	0	0	0	0	0	0	0	0	0	1456	0	16	0
TOBG_MED-759	1788781	1734	1469	1723	63544	196879	345	5148	1429	380	149	43	145	16	128	40	136082	162	55	126	106	154	138	84	82	261	43	33	36	167	524	162	311	231	118	121	118	41	79	64	34478	11287	4539	5509	10061	60	288	104	220	0	1	4	0	0	0	1	0	0	0	0	0	4	0	14	0	0	0	0	0	0	0	0	0	0	0	0	1	2	2	1	0	4	2	7	43	24	11	9	26	26	11	5	2	0	2	2	0	0	0	0	0	0	0	0	0	0	0	0	0	0	0	0	0	0	0	0	0	0	0	0	3	3	4	12	4	3	2	7	0	0	0	0	0	0	0	1	1	0	598	154	45	31	51	32	30	352156	3526	265	88	1185	43	64	25	31	44	38	59	275	46	749	7327	158	139	110	149	2782	98	26374	8857	51	8950	63	836	376	294	48	3480	8227	10615	8183	2788	3603	1013	0	0	0	15	40	9	20	19	7	14	17	9	19	15	11	5	10	8	8	15	9	12	15	5	20	22	0	0	0	3	7	0	21	5	12	7	1	9	12	15	10	8	5	6	8	13	17	6	8	9	14	11	2	0	6	3	7	10	14	11	11	7	8	7	7	15	2	8	10	5	10	5	7	8	6	5	13	14	21	11	6	16	4	5	0	2	1	1	3	0	0	6	7	4	7	8	17	17	8	10	8	0	1	0	8	4	5	2	4	199	0	149	8	0	13	479	274	11	4	0	0	0	1812	0	6	0	0	0	132	91	5	0	1	0	0	0	13	13	17	8	10	0	0	0	8	19	17	16	23	34	15	20	18	36	28	16	13	14	7	0	11	0	6	4	9	7	7	4	11	2	0	0	77	56	13	14	8	346	9	0	0	0	267	388	60	76	60	54	59	50	60	57	1	2	2	7	2	7	1	13	14	15	11	1	0	6	14	3	2	0	19	10	4	1	0	0	0	1987	750	2	0	6	3	12	1254	844	848	690	43	0	0	0	472	398	470	540	20	3	0	0	39	24	1	0	0	0	0	0	2298	747	11	89	2	2768	760	700	0	2	0	0	0	0	0	0	779	2	0	0	0	3718	422	451	0	0	22	0	24	0	34	7	0	28	6	0	25	5	0	36	36	41	0	0	31	12	0	12	17	0	107	0	0	51	5	0	0	0	0	0	0	192	0	0	0	0	0	0	0	0	1964	0	0	0	0	0	0	0	0	0	0	0	0	1	1	1	0	0	0	1	0	1	0	0	0	0	0	2	0	1	1	0	0	0	5	74	0	7	16434	12	16	3559	3	2	928	150	1088	440	9	0	0	1	0	158	128	191	0	0	0	0	1136	928	136	1	4	0	7	2	59	5	1	0	0	0	3	1	0	0	1068	1077	114	0	0	0	0	0	895	729	6	0	2	0	2	0	10	2	0	0	0	0	0	4568	0	76	0
TOBG_MED-814	1967603	579	5896	7357	56770	264423	636	143126	13911	6862	439	117	282	20	652	104	10998	142	84	467	152	342	275	210	183	296	144	38	67	218	5675	2956	2671	2189	215	997	253	318	227	234	7549	3619	994	1062	759	145	1196	237	517	2	0	6	0	0	0	0	2	0	0	0	0	4	0	249	1	1	0	0	1	0	0	0	0	0	0	0	1	0	3	51	0	28	88	51	29	15	9	0	23	26	3	2	10	0	5	8	0	0	0	0	0	0	0	0	0	0	0	0	0	0	0	2	0	0	0	0	0	0	0	0	16	9	8	15	11	12	4	7	4	0	0	0	0	2	0	0	0	0	13126	1626	172	190	315	181	86	18641	576	251	118	1288	669	133	71	33	152	125	296	1030	92	7427	2716	155	166	1099	2381	853	319	3906	37901	122	16953	113	5338	3008	113	123	1825	1989	2269	2456	681	1077	224	0	0	2	86	67	58	82	79	75	113	83	98	82	103	53	76	63	72	52	65	51	72	63	73	87	47	0	0	0	44	143	6	109	89	56	98	0	87	143	116	153	102	103	81	114	85	102	76	88	98	80	116	66	32	97	92	61	104	69	39	57	38	58	62	28	23	46	85	35	12	50	36	56	13	57	39	42	41	82	36	78	169	70	64	1	108	81	53	59	9	0	46	49	98	54	50	97	142	56	54	97	0	4	0	68	40	42	74	46	117	0	332	9	0	143	4375	2389	42	14	0	0	1	1765	0	4	3	2	2	1488	1151	35	0	16	0	1	1	115	97	80	78	118	2	0	0	72	80	180	150	143	145	162	211	202	208	268	130	190	162	154	1	182	64	117	97	68	137	33	30	23	32	0	0	134	36	139	156	66	1773	24	13	3	1	110	127	229	217	241	166	202	127	153	128	5	0	146	123	100	130	5	76	143	259	179	0	0	33	69	31	22	5	118	66	74	3	0	0	0	250	109	2	0	0	0	3	354	284	244	372	34	0	0	0	150	118	162	219	3	2	2	0	273	309	22	0	0	0	0	0	25359	1395	6	68	0	2409	1416	1637	0	1	0	0	0	0	0	0	11281	14	0	0	0	30027	569	344	0	0	241	0	837	0	574	72	2	396	74	1	628	244	0	690	305	226	0	0	388	250	0	265	284	0	1217	0	2	362	23	10	0	0	0	0	0	20	0	0	1	0	0	1	0	0	1954	0	0	0	0	0	0	0	1	0	0	0	0	32	29	1	0	1	0	0	0	0	0	0	0	7	0	1	0	0	0	0	0	0	2	22	0	0	481	5	8	282	0	2	309	114	540	207	5	0	0	0	2	606	506	701	0	0	0	0	247	275	83	0	7	2	0	2	454	31	0	0	0	0	0	2	0	2	956	1250	166	0	0	0	0	0	5019	3518	56	3	0	1	0	1	202	13	0	0	0	0	0	11445	1	333	0
TOBG_NAT-109	2285316	8535	54219	68115	32729	100703	61046	51432	44646	20698	23547	6156	12649	4296	7988	3911	9680	7255	5082	10368	5228	8959	7378	5660	6076	8894	3940	4153	8257	18090	12839	9039	7338	7737	6062	7243	7760	7626	6152	5813	21847	10732	8703	4474	5090	3099	3468	5053	3715	38	20	68	31	39	50	36	54	24	36	49	56	92	108	1583	59	12	52	10	72	39	84	90	21	26	22	26	46	6	55	104	81	1009	1064	868	417	217	111	83	147	157	158	70	135	105	232	213	145	92	64	51	17	14	8	7	11	3	8	44	14	105	78	356	582	103	13	51	46	53	83	117	148	156	149	289	201	218	134	122	140	390	235	152	69	37	30	44	297	35	336120	58054	7573	9207	15421	7926	5071	13881	8666	3424	7875	14786	5662	2547	1449	3836	2117	1623	2359	17171	4301	24234	58678	5114	6797	7337	10327	7478	3466	9986	17612	3640	17610	3882	23674	20598	11608	5143	11015	9938	9322	10706	8761	11619	4046	77	49	58	841	925	826	796	882	950	870	755	1017	1551	949	860	834	626	923	787	746	497	1177	832	755	1319	793	47	64	35	543	1471	234	881	962	499	635	213	735	1196	1085	1181	1239	758	632	1287	925	996	1005	852	976	906	1288	511	577	1169	1009	582	1131	894	361	705	496	586	798	525	449	540	815	395	289	590	461	605	448	592	572	554	464	849	376	728	1421	1003	703	143	1681	1365	1210	771	181	34	964	870	1212	793	897	1176	1414	755	783	850	45	82	33	1030	710	596	800	749	1473	50	10064	4057	45	4846	1927	866	862	551	43	83	68	987	131	128	67	50	94	2417	1427	894	175	108	83	74	95	1443	1096	923	988	1363	111	43	61	973	797	825	866	695	789	818	926	1011	1020	1191	732	577	390	553	94	807	589	863	930	755	986	956	1277	1369	1461	162	10	901	417	900	1274	752	3564	291	186	324	125	577	629	577	623	534	514	567	818	1170	858	191	50	560	575	439	504	108	890	1270	2296	1445	333	25	1286	3002	1180	1226	226	1199	603	766	134	80	93	68	372	215	45	211	103	74	105	1378	813	820	1312	283	85	100	84	415	435	464	549	119	144	84	73	911	691	242	30	60	62	71	93	1587	1922	448	1071	53	427	1504	1383	145	127	125	49	618	29	86	24	3226	212	207	93	118	2529	792	877	71	74	7247	104	1588	67	1618	2650	50	816	537	94	1223	1314	98	429	339	428	76	51	551	335	57	757	863	33	962	86	104	582	255	47	55	6	148	119	81	469	88	68	101	119	40	94	44	58	4909	88	645	529	89	73	46	248	99	132	125	91	97	195	291	182	164	170	94	49	71	68	119	110	116	124	46	155	166	193	188	58	52	24	153	501	42	63	1517	80	413	770	31	59	818	326	2068	979	291	68	68	49	71	1291	918	1398	455	84	73	71	699	580	145	71	121	83	87	82	1174	300	195	102	132	88	67	78	64	54	1627	2092	1521	64	77	27	43	22	1272	957	436	314	50	113	72	51	216	106	49	102	82	85	68	2239	644	1437	178
TOBG_NP-1444	2099531	496	2361	3768	1715	4689	4159	1701	1259	1123	406151	19646	316	76	312	50	384	778	853	1390	1220	231	481	265	264	1764	1786	3666	3601	46965	3568	1789	2620	4973	615	299	657	230	209	208	1016	420	1878	127	170	64	1284	1645	723	0	0	0	0	0	1	0	0	0	2	0	4	1	0	89	2	0	6	0	10	0	0	0	0	0	1	1	0	0	1	5	1	641	708	603	299	45	20	4	19	18	44	33	42	25	77	108	162	155	115	103	17	22	6	10	24	10	25	40	11	146	102	598	799	164	46	90	62	63	100	167	56	53	54	74	71	84	66	52	80	431	333	162	210	174	124	117	1297	90	5003	2093	564	489	1525	870	1200	314	76	290	51	271	208	1022	632	1320	1046	766	1305	1002	462	1096	3227	279	397	185	509	249	205	514	543	20	531	20	740	666	1781	382	777	306	745	351	366	709	213	0	0	0	566	1070	622	509	696	532	592	508	691	1190	634	659	594	341	533	579	426	402	1444	1165	1378	1534	936	6	1	0	485	684	145	447	427	264	366	144	454	755	686	718	1238	578	613	1045	690	864	961	836	407	458	824	375	638	1217	931	557	1110	928	316	506	452	847	1176	164	179	184	320	380	256	528	371	624	469	573	774	369	303	555	416	564	1055	719	503	36	706	591	485	375	91	4	684	663	925	766	1267	850	1241	659	1052	987	11	46	9	920	630	810	1341	1392	324	91	615	431	16	277	117	92	133	55	6	4	0	42	4	1	1	0	0	175	135	172	2	2	2	3	31	607	519	495	386	745	2	0	15	564	529	504	571	376	440	508	571	648	598	597	399	307	226	264	11	405	201	282	289	273	413	415	591	749	661	93	4	345	516	487	599	459	541	240	21	14	2	42	45	282	310	281	225	276	184	260	139	146	45	390	427	348	433	50	507	624	1285	1319	342	0	488	1352	514	733	117	1040	842	566	1	1	0	5	43	28	5	1	0	0	0	89	70	81	318	62	0	0	1	27	23	44	57	2	6	3	5	127	75	5	0	0	0	1	0	125	132	10	230	0	70	69	47	0	1	165	80	342	8	14	11	75	40	15	1	1	106	20	29	3	0	412	45	142	18	89	374	14	47	58	0	82	299	3	114	85	166	1	0	56	78	0	72	99	0	61	0	0	37	9	1	26	14	407	465	23	218	74	33	396	137	17	195	54	8	198	186	371	411	77	26	21	56	31	50	43	3	8	425	411	29	4	4	3	52	43	47	20	0	1	147	77	25	9	14	1	7	1	1	31	301	1	0	34	19	402	20	0	1	26	24	313	151	33	6	0	0	2	280	171	268	49	1	2	0	32	122	16	0	2	3	1	4	96	87	9	0	5	0	5	2	1	4	258	378	1309	2	0	0	1	0	66	63	134	99	4	0	1	0	36	5	0	0	1	0	0	75	478	267	25
TOBG_NP-1472	1521562	4116	966	1068	345	1181	122	591	513	748	665	118	155079	148	32379	280	2965	37842	755	94351	5155	135672	89659	11698	7976	49724	2467	289	619	14976	367	143	5442	1024	28573	19355	23849	6659	16879	14260	6494	1955	4701	2358	2130	187	1	1	1	0	0	2	3	0	0	1	0	0	0	0	0	1	0	10	0	0	0	0	0	0	9	3	0	2	6	9	8	0	1	0	1	10	44	13	152	114	41	23	56	69	153	87	153	109	224	317	7	6	2	0	0	0	0	0	0	2	0	0	0	2	2	9	20	0	0	1	2	0	0	0	199	183	190	319	277	238	32	26	35	20	28	8	2	2	1	2	18	3	1803	851	911	1235	745	355	104	3586	1827	609	1575	2029	1334	323	156	6	57	65	3699	9237	1785	2023	4290	1	10	1403	3471	2372	2309	5074	3180	1135	2601	1693	4687	4703	113006	4928	14823	4500	4023	2588	2967	4096	1864	0	11	0	40	30	23	29	33	24	41	36	30	14	31	22	17	19	20	18	30	19	48	16	28	33	40	0	0	0	27	74	6	9	29	14	20	11	25	65	41	35	49	30	13	41	21	47	52	40	30	28	65	26	10	45	28	18	42	30	14	25	13	16	30	3	9	19	30	10	10	21	31	13	10	14	17	25	15	20	14	76	133	53	35	4	32	44	74	40	11	2	13	18	43	18	30	44	62	12	14	24	1	4	0	15	10	7	4	14	87	0	96	51	2	88	660	290	153	133	4	3	0	323	58	1	1	2	0	488	324	128	84	22	2	2	4	34	18	26	16	44	0	0	0	25	33	249	222	149	234	175	159	211	177	245	127	142	110	112	19	142	74	146	90	130	176	68	90	98	71	4	0	258	215	108	123	89	151	222	117	96	6	356	457	179	227	211	227	200	276	443	214	38	12	62	49	45	49	21	34	42	57	38	18	0	36	52	45	35	13	38	23	15	60	0	0	0	287	174	0	2	1	0	2	505	304	331	405	101	9	0	0	244	209	216	394	49	9	4	4	203	140	77	0	0	0	0	0	15	34	32	117	0	6	47	95	0	2	2	8	24	17	7	30	20	52	24	6	12	26	40	25	5	0	134	5	149	4	100	93	0	97	39	0	190	159	0	57	36	55	2	4	75	89	12	134	236	1	243	66	1	153	111	2	0	0	0	0	0	42	2	17	0	3	0	2	1	7	99	0	0	0	0	7	0	1	4	11	12	10	7	150	227	132	79	85	20	26	24	34	65	4	6	143	55	191	53	64	62	29	0	0	119	181	2	0	241	106	217	49	0	0	230	81	386	171	80	1	0	1	0	119	81	111	94	0	0	0	160	205	51	8	1	0	0	1	156	162	50	7	0	0	0	0	0	0	189	245	179	5	27	0	0	0	36	32	57	67	5	0	0	3	156	79	2	1	0	5	0	97	162	160	101
TOBG_RS-469	1799083	9921	1919	2145	541	1415	654	784	1190	12112	2844	996	4003	11	7501	50	20216	1120	124	1715	646	4504	2999	1263	883	1417	158	38	114	1106	2925	3268	1981	3006	1757	1430	1337	734	1018	808	219154	105706	32327	31799	30333	564	6	0	1	26	10	30	25	12	20	4	0	0	0	0	0	4	0	219	0	2	0	0	29	2	1	0	0	21	10	1	10	0	3	67	6	269	279	130	78	59	25	20	44	42	67	21	31	24	51	38	4	2	0	3	0	0	0	0	0	0	1	2	0	0	0	21	46	10	0	0	0	4	1	6	46	60	46	90	58	82	17	7	10	4	6	1	0	3	0	0	17	3	5118	906	400	617	409	172	61	25427	8627	307	900	2261	474	112	53	91	39	37	452	72748	4889	78675	35363	2	5	1727	2738	5897	1733	26793	118223	1947	127274	4515	124277	72353	15533	8720	36682	27165	38471	54053	8187	12422	5228	0	0	0	113	66	81	114	118	99	97	94	104	133	102	99	76	108	116	80	101	69	123	61	46	85	95	0	0	0	50	335	25	110	142	74	113	20	105	166	164	215	170	88	91	146	112	114	135	110	181	162	135	84	60	118	127	86	153	87	50	60	50	33	51	43	46	56	103	48	33	83	61	93	45	73	83	122	75	112	78	691	1204	697	629	25	428	314	355	239	61	0	147	94	191	70	135	137	286	89	92	127	0	5	0	148	80	80	125	92	281	2	666	146	0	149	6950	3925	1664	499	29	19	17	7187	144	161	80	41	73	8246	5926	2266	104	113	16	34	6	161	116	96	87	139	1	0	0	136	62	1551	1661	1220	1410	1389	1619	1851	1499	1871	1040	1246	941	904	4	1225	533	923	807	793	1246	400	408	449	363	17	0	1317	757	1122	1321	763	282	45	34	22	8	1213	1206	1822	1958	1776	1605	1867	1131	1740	1102	153	33	460	574	444	476	33	147	161	386	226	31	0	175	432	157	142	15	166	118	124	10	15	7	4	393	318	12	24	15	27	28	1285	1047	994	1025	88	9	4	6	686	598	780	1035	43	12	31	8	1616	1447	210	41	6	17	8	8	368	765	24	125	5	741	652	396	2	4	0	2	0	0	0	0	143	25	8	3	3	447	289	349	0	6	321	0	1132	0	547	156	0	1054	1718	0	1189	1523	4	952	753	854	1	3	2115	1480	13	4833	5844	5	6758	73	52	4743	1020	36	2	0	15	7	0	94	4	5	27	10	6	15	4	4	832	0	0	3	0	4	5	0	0	3	3	1	2	10	31	2	10	6	0	1	0	3	0	3	1	8	1	15	3	2	0	139	22	49	132	687	18	4	3406	156	904	395	18	2	5275	1893	1564	739	98	4	4	9	6	768	584	784	39	2	10	1	784	698	181	18	21	15	7	23	1225	506	41	26	8	4	13	17	2	5	1440	1641	400	7	5	1	2	0	283	202	204	36	3	7	2	9	1323	209	26	19	43	43	37	554	39	744	13
TOBG_SAT-133	1870654	2035	19157	25651	10794	20999	14496	12314	25605	7414	57170	7555	3952	24	7334	48	8484	6970	3245	8950	7979	2341	2745	2727	2444	11408	1732	2963	1378	45410	3727	1485	8266	3842	2431	1351	1598	535	986	1165	26999	26010	3804	6180	9241	245	122	46	132	8	0	2	3	3	12	0	1	4	0	0	2	4	0	225	4	4	0	3	13	0	0	0	0	8	0	0	6	0	0	91	22	281	587	247	63	45	17	9	30	32	30	20	26	13	26	48	287	199	122	89	14	13	12	19	15	5	12	53	12	122	73	407	608	104	43	81	66	71	107	187	24	13	37	31	31	31	120	118	231	2304	729	296	83	52	30	52	489	11	61944	13294	2707	3420	5792	1684	370	4511	950	232	399	1400	574	397	164	11	185	124	1359	17235	1350	33449	146459	130	127	535	658	3145	1903	12453	18033	6324	18819	1344	26056	18458	5262	2430	8902	6626	9028	11409	2570	3916	1128	5	0	1	742	324	314	876	1060	704	956	819	832	548	905	838	677	510	611	368	369	377	1030	796	1032	1199	994	0	0	0	521	979	118	818	772	348	590	102	589	773	746	1070	979	804	608	1015	727	801	828	752	803	705	1214	605	489	1090	992	582	1005	812	367	690	510	592	769	138	126	361	538	387	259	619	504	507	158	543	439	516	154	341	189	1074	1925	790	554	52	517	523	804	573	113	0	322	266	764	521	640	846	1148	303	426	733	6	52	14	347	287	288	336	275	1464	0	5781	2881	2	1832	2187	926	950	395	7	1	2	1609	6	17	8	2	13	1559	1114	877	26	16	5	3	74	1207	987	946	767	1449	6	0	37	895	868	1187	1177	866	984	1055	1153	1373	1256	1561	776	751	633	537	13	862	523	862	762	735	1126	965	1221	1322	1367	31	0	1311	593	1401	1866	1091	2225	202	32	79	7	668	667	775	940	892	816	907	1251	1641	1080	105	33	774	825	665	726	49	722	962	1272	1003	211	0	686	1425	766	729	133	921	701	896	23	22	19	5	484	59	12	12	8	5	3	329	244	214	184	44	15	6	8	260	191	167	287	15	7	12	14	590	479	86	0	2	5	3	2	76	320	15	170	15	140	475	555	15	2	3	0	38	1	7	3	145	61	16	3	0	191	279	336	6	9	3474	0	857	1	651	1727	7	650	1070	8	654	958	4	279	167	175	0	5	511	301	0	896	1124	1	821	7	14	679	156	3	0	0	239	1	0	1589	30	10	1131	111	2	727	98	5	2703	0	8	0	0	9	4	0	3	0	7	2	6	126	132	41	15	10	6	99	87	92	20	8	0	117	53	85	13	9	12	11	7	2	38	128	12	20	259	14	333	52	15	7	679	283	432	197	85	8	6	5	6	618	451	620	96	3	20	9	95	125	40	10	28	19	17	12	781	346	61	14	12	6	9	17	3	1	694	876	618	15	7	2	4	2	171	146	170	45	7	18	14	11	294	33	0	8	5	3	3	313	77	618	37
TOBG_SP-353	1212569	1017	1151	1331	457	791	1854	446	436	977	8089	3770	7581	133	5640	175	897	20151	1585	63923	12154	7632	9631	4455	3156	21395	2131	1777	3089	104963	1264	373	2225	769	14203	8510	13483	4739	4792	4478	1059	629	801	811	608	216	252	192	197	1	0	1	0	0	0	0	0	0	1	0	0	1	0	20	0	0	0	0	1	0	5	4	0	0	0	0	1	0	0	3	0	90	119	105	235	70	51	23	27	50	36	29	46	15	76	58	180	112	123	114	15	40	15	18	20	14	15	62	23	149	123	502	900	148	47	107	81	82	168	230	52	47	64	87	77	81	104	87	127	257	175	98	145	133	64	83	743	48	2281	1437	1334	805	950	1418	1897	469	204	873	417	350	548	997	552	869	621	518	1050	741	371	594	1360	232	412	824	1141	955	425	1269	802	303	1094	413	2159	1794	24341	1715	4087	1050	713	495	662	878	441	9	0	0	91	168	125	94	124	112	71	106	138	170	89	133	88	36	63	82	78	56	103	99	139	197	144	5	0	0	52	134	36	73	116	33	64	28	62	115	107	135	117	85	68	144	97	112	104	100	66	87	118	51	103	174	175	127	161	130	67	90	72	102	122	45	56	44	98	46	45	65	54	56	54	29	60	39	53	78	59	98	183	95	70	21	95	91	67	48	34	0	207	180	321	148	260	267	414	223	283	302	3	5	1	283	204	204	310	257	92	60	85	58	10	52	41	19	11	21	9	11	4	30	31	23	10	9	25	48	25	44	8	1	2	4	24	137	104	111	89	167	1	0	10	102	77	52	55	38	58	51	49	76	70	45	29	34	37	17	1	44	21	47	42	56	54	60	101	120	139	24	0	75	74	72	94	122	52	45	72	28	6	26	31	24	22	20	31	33	50	66	48	37	6	59	54	31	47	11	81	113	190	377	94	1	124	370	96	109	44	139	109	58	4	2	1	2	36	32	8	16	12	3	12	18	13	11	15	7	2	1	0	14	12	13	17	5	6	15	5	18	7	13	6	1	6	4	3	12	26	5	59	0	13	17	1	2	0	28	41	181	19	14	8	24	17	24	1	4	19	11	10	1	0	62	11	52	8	37	68	14	17	25	3	17	22	0	51	11	5	2	1	11	11	2	10	18	0	31	7	3	18	10	0	28	14	132	50	51	93	28	44	92	235	11	138	75	20	62	19	51	53	21	29	8	49	34	66	41	39	27	59	66	24	13	33	5	51	46	63	34	24	13	71	35	58	31	12	13	2	0	2	7	12	5	2	11	6	34	8	4	1	24	9	20	15	8	4	0	0	0	7	2	10	4	6	2	1	10	11	11	5	1	1	1	0	11	9	8	8	3	2	2	1	0	0	16	33	102	0	5	0	0	0	42	30	10	7	1	4	2	0	8	7	4	2	1	6	1	142	9	24	4
UBA11144	1667084	918	5806	7400	3373	9753	4548	4008	5710	992	8182	2708	7632	65	7301	736	434	16691	5024	91834	14824	8447	11054	5394	4355	23778	3647	2284	3282	142399	1803	967	4977	2741	14209	6382	11295	2819	4669	4472	1809	859	806	258	204	16	2787	625	401	0	0	0	0	3	6	134	9	0	6	1	5	4	5	64	2	6	0	6	3	1	18	28	24	6	29	33	15	3	31	12	7	77	114	129	75	37	15	9	24	14	62	23	45	21	46	42	76	77	65	73	9	24	16	16	13	13	9	56	18	142	142	491	831	178	40	52	39	49	113	126	26	34	32	23	30	37	43	63	50	394	336	212	164	161	83	133	1238	139	6107	2516	2195	1858	1617	1516	1506	579	170	492	216	1251	351	515	339	951	1211	1571	6955	2538	3957	1526	3067	710	4471	512	1003	640	332	715	600	101	658	105	655	1954	24001	2174	4672	1064	1287	902	909	1502	333	5	0	0	165	268	177	233	199	178	227	208	216	426	204	197	147	128	167	189	126	140	322	289	229	380	213	0	0	2	85	169	97	117	134	63	122	98	136	203	183	193	191	158	145	242	147	160	195	188	133	139	236	104	99	174	188	131	226	154	64	132	134	140	212	95	69	92	170	109	61	153	91	94	121	117	127	120	101	207	114	149	282	250	199	18	132	121	75	53	25	0	105	123	160	115	149	139	165	166	154	183	1	11	5	159	101	160	224	161	255	11	236	189	10	77	117	60	84	61	0	0	0	24	18	1	0	0	0	57	62	143	11	0	0	0	49	217	183	186	126	300	0	0	1	178	188	78	97	74	79	59	68	146	92	91	58	79	53	74	6	97	43	74	55	55	92	183	139	162	214	70	0	68	91	159	194	128	237	112	27	50	0	42	46	90	89	85	62	88	42	65	58	20	26	87	123	94	85	20	119	161	285	217	180	0	152	457	171	166	91	376	185	196	5	0	0	0	48	31	1	0	0	0	1	22	27	35	106	9	0	0	1	32	26	23	38	14	2	3	5	70	67	8	0	0	0	0	6	48	251	29	121	0	53	82	109	0	0	28	22	38	7	8	7	42	65	5	0	2	29	48	75	1	0	232	4	57	3	80	240	6	93	79	2	92	88	0	71	66	66	0	0	40	55	17	31	73	0	29	29	0	26	21	0	14	1	87	93	38	161	44	20	58	90	0	86	40	4	150	41	89	116	6	8	8	37	14	36	44	14	14	61	116	22	4	20	0	23	13	16	19	3	4	63	25	27	15	12	7	3	1	0	5	8	0	0	12	5	2	12	1	0	29	41	104	31	6	0	2	0	0	96	61	158	28	0	0	0	18	34	7	0	2	0	0	0	82	85	11	0	0	2	0	0	0	5	125	146	113	3	2	0	0	0	51	44	41	8	0	0	0	0	34	7	2	0	0	1	0	70	33	118	2
UBA11194	1212584	30	4010	6031	96363	227677	9646	64233	34874	130	841	148	123	404	123	112	690	1029	661	14840	2197	3456	1547	16521	14	6	5737	284	49	441	154	1610	85	1636	1240	175	315	298	159	597	55	573	890	1134	767	667	5463	2563	6885	0	0	0	0	0	0	0	0	0	0	0	0	0	0	0	0	0	0	0	0	0	0	0	0	0	0	0	0	0	0	0	0	0	4	4	0	0	0	0	0	0	0	0	0	0	0	0	0	0	0	0	0	0	0	0	0	0	0	1	1	0	0	0	0	1	0	0	0	0	0	1	0	0	0	0	0	0	0	0	0	0	0	0	0	0	1	0	0	0	3141	670	70	243	100	111	61	1330	2780	1870	2207	204	284	2486	6213	547	28599	28358	39	1729	1727	1184	2595	2633	3099	7785	1912	1354	1765	3374	889	652	4516	1612	1379	577	3501	717	42	85	180	80	118	18399	1753	0	0	0	3	0	0	0	2	1	3	4	2	3	8	3	4	1	4	0	0	0	1	3	1	6	4	0	0	1	0	1	0	2	7	1	2	0	0	2	2	4	0	0	1	0	3	9	2	2	1	6	8	0	0	1	1	0	0	5	2	0	0	1	2	0	0	1	2	3	1	1	2	2	0	5	0	0	0	2	1	0	0	0	0	0	0	0	1	0	0	0	0	2	0	0	0	1	2	1	0	2	0	0	0	0	1	0	0	0	3	0	0	0	0	0	5	0	1	0	0	0	0	1	0	0	0	0	0	5	1	0	0	0	0	0	0	4	2	3	2	2	0	0	0	1	0	0	0	0	1	0	0	2	0	0	0	1	0	1	0	0	0	1	0	1	0	0	0	2	0	0	0	0	0	0	2	0	1	1	0	0	0	0	0	0	1	0	4	0	0	0	0	0	0	3	0	2	0	0	0	1	3	6	0	0	0	0	1	0	0	4	2	5	0	0	0	0	9	9	0	0	0	0	0	0	0	0	0	0	0	0	0	0	0	0	0	0	0	0	0	2	0	0	0	0	0	0	0	104	3	0	0	0	8	10	0	0	0	0	0	0	0	0	0	142	0	0	0	1	180	1	1	0	0	2	0	4	0	5	2	0	3	0	0	0	6	0	1	1	0	0	0	1	6	0	0	0	0	6	0	0	2	0	0	0	0	0	0	0	8	0	0	11	1	0	7	0	0	28	0	0	0	0	0	0	0	0	0	0	0	1	0	0	0	0	0	0	0	0	0	0	0	0	0	0	0	0	0	0	0	0	0	0	0	0	0	0	0	0	0	0	0	0	1	2	0	0	0	0	0	0	3	3	3	0	0	0	0	2	2	0	0	0	0	0	0	3	0	0	0	0	0	0	0	0	0	3	2	0	0	0	0	0	0	27	18	0	0	0	0	0	0	0	0	0	0	0	0	0	132	0	4	0
UBA12265	1444999	205	4305	4923	105768	288553	4514	92332	13333	150	1246	329	196	71	126	106	138	259	163	202	153	249	262	181	179	242	120	234	431	376	369	157	158	118	158	154	189	144	111	166	147	61	84	66	56	110	447	185	246	0	0	3	2	0	1	0	1	0	0	2	1	0	0	1	0	1	0	0	0	0	3	0	1	1	0	2	1	0	0	1	0	4	1	0	4	0	0	0	1	1	0	0	0	0	0	0	2	0	1	2	0	0	1	0	0	0	0	0	1	2	1	4	6	0	0	0	0	0	2	1	0	0	0	0	0	0	0	0	1	1	0	2	1	2	3	6	14	2	1390	331	128	138	115	107	174	1665	94	236	100	138	152	102	68	954	125	95	118	137	109	140	144	269	455	200	163	83	94	92	124	60	112	52	118	145	160	106	90	142	80	81	114	272	82	1	0	0	2	1	4	2	3	4	5	7	2	3	6	4	1	2	6	4	1	0	15	7	1	4	7	0	0	0	3	0	0	3	1	8	0	0	5	5	1	14	2	1	3	5	0	5	2	0	1	3	7	4	0	2	4	0	1	2	2	2	2	4	4	2	1	3	1	10	2	3	2	2	2	4	2	2	0	2	1	2	0	0	2	0	0	0	0	1	0	0	0	1	1	5	3	0	0	2	3	5	0	0	0	4	0	1	0	0	0	1	2	2	0	4	0	0	0	0	0	2	1	1	1	18	56	216	109	0	1	0	0	0	0	1	0	5	2	9	2	2	0	0	0	3	5	0	3	2	2	4	2	1	2	0	0	0	2	0	0	1	0	0	0	0	2	1	1	1	0	0	0	1	0	2	2	1	7	0	6	1	0	0	4	0	3	0	1	0	1	0	0	1	0	0	0	0	0	0	3	0	10	0	0	2	1	2	2	0	0	8	2	8	0	0	0	0	14	2	0	2	0	0	0	3	0	0	4	0	0	0	0	0	0	3	1	1	0	1	0	0	0	2	0	0	2	0	0	99	5	0	1	0	10	13	12	0	0	0	0	0	1	2	0	184	0	1	0	1	192	0	0	1	0	12	0	4	0	1	0	0	2	1	2	1	0	0	4	2	0	0	0	0	0	0	0	0	0	0	0	0	0	0	0	2	0	1	10	3	3	1	2	8	0	1	9	0	0	22	5	5	7	1	1	0	7	8	0	3	1	0	0	0	0	0	0	2	0	1	0	0	1	0	0	0	2	1	1	2	1	0	0	0	0	0	0	1	2	0	0	0	1	0	0	1	0	0	0	0	0	0	0	1	4	1	0	0	0	0	3	0	0	0	0	0	0	0	0	0	0	0	0	0	0	0	0	2	3	1	0	0	0	0	0	28	11	0	0	0	0	0	0	0	0	0	0	0	0	1	115	0	2	1
UBA8357	1312486	0	3534	3986	62310	180891	3149	53859	9276	15	889	74	6	1	4	5	24	3	6	1	1	3	2	1	8	2	0	8	26	0	167	51	48	2	0	0	1	0	0	2	89	46	3	4	10	1	0	0	0	0	0	0	0	0	0	0	0	0	0	0	0	0	0	1	0	0	0	0	0	0	0	0	0	0	0	0	0	0	0	1	0	2	0	0	0	0	0	0	0	0	0	0	0	0	0	0	0	0	0	0	0	0	0	0	0	0	0	0	0	0	0	0	0	0	0	0	0	0	0	0	0	0	0	0	0	0	0	0	0	0	0	0	0	0	0	0	0	0	848	127	0	6	1	0	3	144	2	75	0	7	0	2	0	557	6	1	0	4	1	31	7	1	1	27	2	3	5	21	43	0	14	0	3	6	1	1	3	0	5	1	0	7	0	0	0	0	0	1	3	1	1	3	8	2	3	6	8	1	2	0	0	2	0	0	3	3	5	8	6	0	0	0	2	0	0	0	1	0	0	0	1	2	0	0	1	3	4	3	0	2	2	0	2	0	4	4	0	5	2	0	3	3	0	0	1	3	3	1	0	0	0	0	2	0	0	0	0	2	3	5	0	1	1	0	0	0	0	0	0	0	0	0	0	0	2	0	0	1	0	3	2	0	1	1	0	0	0	0	1	2	0	0	3	0	1	0	0	0	0	0	0	0	0	0	0	0	0	3	0	0	0	0	2	0	0	0	0	0	0	2	3	4	0	0	0	0	0	2	1	3	0	2	0	0	1	2	0	0	0	0	0	0	0	0	0	0	0	0	0	0	0	0	0	0	0	0	0	0	0	0	3	0	0	0	0	0	0	0	0	0	0	2	0	0	0	0	0	0	0	0	0	0	3	0	2	0	0	0	0	0	0	0	0	1	2	0	0	0	0	0	6	4	2	0	0	0	0	0	0	0	0	0	0	0	0	0	2	0	0	0	0	0	0	0	0	0	0	0	0	0	0	63	2	0	0	0	2	9	1	0	0	0	0	0	0	0	0	143	0	0	0	0	269	3	0	0	0	2	0	2	0	0	0	0	0	0	0	0	0	0	5	0	0	0	0	0	2	0	0	0	0	0	0	0	0	0	0	0	0	0	0	0	9	0	0	6	2	0	9	0	2	31	0	0	0	0	0	0	0	0	0	0	0	0	0	0	0	0	0	0	0	0	0	0	1	1	0	0	0	0	0	0	0	0	0	0	0	0	0	0	0	0	0	0	0	0	0	0	0	0	0	0	0	0	0	0	4	0	0	0	0	2	0	2	0	0	0	0	0	0	0	0	0	0	0	0	0	0	0	3	11	0	0	0	0	0	0	18	22	0	0	0	0	0	0	0	0	0	0	0	0	0	118	1	3	0
UBA9601	1349581	1	3881	4259	86546	237795	3709	65777	10816	9	909	102	0	0	0	1	5	0	2	0	3	0	0	1	1	1	0	31	61	1	152	42	50	3	0	0	0	0	1	0	6	0	1	0	0	0	0	0	0	0	0	0	0	0	0	0	0	0	0	0	0	0	0	0	0	0	0	0	0	0	0	0	0	0	0	0	0	0	0	2	1	0	0	0	4	1	0	0	0	1	0	0	0	0	0	0	3	0	0	0	0	0	0	0	0	0	0	0	0	0	1	0	4	0	0	1	0	0	0	6	0	0	0	0	0	0	0	0	0	0	0	0	0	0	0	0	0	0	1011	114	0	1	8	2	3	14	0	84	0	11	0	3	2	790	0	0	0	0	0	3	0	9	33	43	2	0	0	0	7	0	1	1	1	2	3	0	0	1	0	0	0	2	0	0	0	0	0	2	2	1	1	3	2	0	2	3	0	3	0	1	0	2	2	1	3	1	3	5	5	0	0	0	1	0	0	3	0	0	1	0	3	0	1	1	1	4	0	1	1	3	1	0	2	1	2	0	0	2	1	0	1	1	0	0	0	6	3	0	1	0	0	2	0	0	2	1	1	1	0	1	0	3	3	0	0	0	0	0	0	0	0	1	0	0	0	1	0	0	3	3	2	0	0	0	0	0	0	0	1	0	0	0	2	0	0	0	0	0	0	0	0	0	0	0	0	0	0	0	0	0	0	0	0	0	0	0	0	0	0	2	1	1	2	3	0	0	0	2	0	0	0	0	0	0	0	0	0	0	0	0	0	0	0	0	0	0	0	0	0	0	0	0	0	0	0	0	0	0	0	1	3	0	0	0	0	0	0	0	0	0	0	0	0	0	0	0	0	0	0	0	0	0	1	0	1	3	0	0	2	0	0	0	0	3	0	0	0	0	0	0	5	6	0	0	0	0	0	0	0	2	1	0	0	0	0	0	0	0	1	0	0	0	0	0	0	0	0	0	0	0	0	97	8	0	0	0	15	6	2	0	0	9	1	0	2	0	0	121	0	0	0	0	225	0	1	0	0	0	0	0	0	0	0	0	0	0	0	0	0	0	0	0	0	0	0	0	0	0	0	0	0	0	0	0	0	0	0	0	0	9	3	0	7	0	0	10	3	0	4	0	0	21	3	3	9	0	1	0	4	0	2	2	0	0	1	0	0	0	0	0	0	0	0	0	0	0	0	0	0	0	0	0	0	0	0	0	0	0	0	0	0	0	0	0	0	0	0	0	0	0	0	0	0	0	0	0	0	0	0	0	0	0	0	0	0	0	0	0	0	0	0	0	0	0	0	0	0	0	0	0	0	0	0	0	0	0	0	26	5	1	0	0	0	0	0	0	0	0	0	0	0	0	168	0	2	0
UBA9605	1221408	804	4023	4630	73883	205237	4078	62321	9478	705	3660	883	738	498	683	420	902	1161	950	999	737	984	788	904	1051	832	637	1775	5670	1483	1285	625	746	635	809	522	1122	720	699	741	811	432	564	441	339	456	1596	1699	1535	45	32	103	70	52	42	125	53	50	24	23	47	49	34	34	38	18	21	25	18	25	42	42	22	12	21	29	32	5	40	79	35	19	22	10	68	40	22	20	37	33	50	47	52	43	43	87	62	33	52	38	2	4	2	5	1	5	8	17	6	69	37	190	292	50	17	29	33	22	40	69	62	62	38	81	80	59	57	45	61	119	77	48	40	31	11	24	232	11	3222	1385	579	697	509	535	603	798	556	766	571	701	575	381	203	2505	334	269	252	739	453	444	653	611	1214	518	765	346	504	431	668	485	588	351	732	981	819	725	508	664	457	406	744	812	426	23	12	27	38	26	14	32	36	35	38	33	28	38	32	34	14	20	24	27	23	32	49	30	120	52	42	10	13	11	25	37	24	29	20	17	37	22	33	56	27	39	43	28	32	49	26	43	28	41	42	25	50	21	20	40	38	21	28	29	14	32	19	24	26	13	7	17	29	13	15	38	29	18	9	31	18	24	17	25	13	29	40	20	18	14	11	13	27	18	14	3	14	25	29	16	26	34	62	18	30	27	6	11	20	21	22	4	4	9	43	18	52	39	23	49	46	22	12	23	17	30	26	29	46	290	77	214	126	49	31	36	37	22	22	31	17	49	30	35	18	65	18	9	11	57	17	29	16	17	15	26	16	23	30	34	13	15	12	14	10	34	11	16	16	18	20	32	39	13	28	9	2	37	12	28	25	14	123	40	39	50	33	40	50	27	24	27	27	27	31	28	30	15	5	20	30	15	17	8	20	31	54	30	29	19	29	25	26	29	16	46	30	31	15	21	28	28	35	37	12	74	28	21	24	40	39	28	23	8	13	13	13	16	17	18	39	16	22	22	20	22	16	10	12	17	15	8	15	102	29	13	30	7	22	41	27	13	16	61	34	309	18	37	17	180	21	26	12	9	230	12	20	11	27	72	12	24	15	22	41	7	19	18	17	30	40	17	40	36	40	19	6	18	24	15	10	25	8	15	12	22	21	12	12	31	17	48	56	47	46	39	39	40	53	11	31	26	30	65	51	116	124	28	42	23	64	58	50	75	51	48	60	50	33	21	22	4	17	24	38	36	30	76	53	17	40	29	46	34	7	9	9	9	9	8	10	35	10	7	4	10	13	20	7	40	12	16	7	18	8	12	23	19	42	20	9	8	13	12	21	7	5	20	19	19	15	27	29	29	28	18	32	21	24	19	13	29	20	27	11	9	7	8	1	48	36	14	9	9	21	17	16	22	14	14	40	18	28	17	219	21	45	12
